{
  "pogu": "https://cdn.discordapp.com/emojis/774895764442578954.png?v=1",
  "angry": "https://cdn.discordapp.com/emojis/786122469332221983.png?v=1",
  "kekw": "https://cdn.discordapp.com/emojis/788858466642034699.png?v=1",
  "shut": "https://cdn.discordapp.com/emojis/788858170063454278.png?v=1",
  "evil": "https://cdn.discordapp.com/emojis/788858171049377843.gif?v=1",
  "gasp": "https://cdn.discordapp.com/emojis/727183103789105313.png?v=1",
  "sadge": "https://cdn.discordapp.com/emojis/768967589706989638.png?v=1",
  "yep": "https://cdn.discordapp.com/emojis/721116772434051092.png?v=1",
  "nope": "https://cdn.discordapp.com/emojis/721421533251371059.png?v=1",
  "kappa": "https://cdn.discordapp.com/emojis/725373499425947780.png?v=1",
  "crybaby": "https://cdn.discordapp.com/emojis/752241666504523776.png?v=1"
}